{
  "IcoMoonType": "selection",
  "icons": [
    {
      "icon": {
        "paths": [
          "M833.088 536.544l-130.88-130.88h76.672c-0.704-1.92-1.44-3.808-2.176-5.696-45.472-115.264-157.856-196.8-289.28-196.8-171.68 0-310.88 139.2-310.88 310.88 0 171.712 139.2 310.912 310.88 310.912 126.304 0 235.008-75.328 283.648-183.456 0.48-0.992 0.768-2.112 1.216-3.168l83.36 82.848c-0.544 0.96-0.928 2.048-1.504 3.072-0.128 0.224-0.256 0.448-0.384 0.64-73.568 127.104-211.008 212.576-368.416 212.576-234.88-0.064-425.344-190.528-425.344-425.472s190.464-425.408 425.408-425.408c196.416 0 361.696 133.056 410.656 313.984 0.48 1.664 0.608 3.424 1.024 5.088h66.912l-130.912 130.88z"
        ],
        "attrs": [
          {}
        ],
        "isMulticolor": false,
        "isMulticolor2": false,
        "tags": [
          "rotate",
          "cw",
          "reload",
          "refresh",
          "loop",
          "arrow"
        ],
        "grid": 32
      },
      "attrs": [
        {}
      ],
      "properties": {
        "order": 1,
        "id": 0,
        "name": "rotate, cw, reload, refresh, loop, arrow",
        "prevSize": 32
      },
      "setIdx": 0,
      "setId": 3,
      "iconIdx": 0
    },
    {
      "icon": {
        "paths": [
          "M443.563 786.475c112.683-109.824 281.771-274.475 281.771-274.475s-169.088-164.651-281.771-274.475c-15.488-14.891-36.395-24.192-59.563-24.192-47.104 0-85.333 38.229-85.333 85.333v426.667c0 47.104 38.229 85.333 85.333 85.333 23.168 0 44.075-9.301 59.563-24.192z"
        ],
        "attrs": [
          {}
        ],
        "isMulticolor": false,
        "isMulticolor2": false,
        "tags": [
          "media-play"
        ],
        "grid": 24
      },
      "attrs": [
        {}
      ],
      "properties": {
        "order": 1,
        "id": 0,
        "name": "media-play",
        "prevSize": 24
      },
      "setIdx": 1,
      "setId": 2,
      "iconIdx": 0
    }
  ],
  "height": 1024,
  "preferences": {
    "showGlyphs": true,
    "showQuickUse": true,
    "showQuickUse2": true,
    "showSVGs": true,
    "fontPref": {
      "prefix": "icon-",
      "metadata": {
        "fontFamily": "icomoon"
      },
      "metrics": {
        "emSize": 1024,
        "baseline": 6.25,
        "whitespace": 50
      },
      "embed": false
    },
    "imagePref": {
      "prefix": "icon-",
      "png": true,
      "useClassSelector": true,
      "color": 0,
      "bgColor": 16777215,
      "classSelector": ".icon",
      "name": "icomoon"
    },
    "historySize": 50,
    "showCodes": true,
    "gridSize": 16
  }
}